lab_id,analyte,assigned_value,proficiency_sd,participant_result,z_score,z_pass,error_pct,error_pass
SYN-LAB-01,TVOC,120.0,12.0,102.25150573021718,-1.4790411891485686,True,-14.790411891485686,True
SYN-LAB-02,TVOC,120.0,12.0,116.0734264193182,-0.327214465056817,True,-3.27214465056817,True
SYN-LAB-03,TVOC,120.0,12.0,148.2,2.349999999999999,False,23.49999999999999,True
SYN-LAB-04,TVOC,120.0,12.0,123.70387955015426,0.30865662917952125,True,3.086566291795213,True
SYN-LAB-05,TVOC,120.0,12.0,117.70738551508546,-0.19105120707621145,True,-1.9105120707621146,True
SYN-LAB-06,TVOC,120.0,12.0,116.21302913115566,-0.31558090573702796,True,-3.1558090573702797,True
SYN-LAB-07,TVOC,120.0,12.0,101.01794328832733,-1.5818380593060557,True,-15.818380593060558,True
SYN-LAB-08,TVOC,120.0,12.0,125.75314985211665,0.47942915434305416,True,4.794291543430542,True
SYN-LAB-09,TVOC,120.0,12.0,118.56939406874152,-0.11921716093820696,True,-1.1921716093820696,True
SYN-LAB-10,TVOC,120.0,12.0,141.16639511911382,1.7638662599261512,True,17.63866259926151,True
SYN-LAB-11,TVOC,120.0,12.0,113.07630511653329,-0.5769745736222257,True,-5.769745736222257,True
SYN-LAB-12,TVOC,120.0,12.0,129.07464482916944,0.7562204024307869,True,7.56220402430787,True
SYN-LAB-13,TVOC,120.0,12.0,141.97161077375918,1.8309675644799317,True,18.309675644799317,True
SYN-LAB-14,TVOC,120.0,12.0,113.20561556223704,-0.5661987031469131,True,-5.661987031469131,True
SYN-LAB-15,TVOC,120.0,12.0,122.45995336948413,0.20499611412367713,True,2.0499611412367713,True
SYN-LAB-16,TVOC,120.0,12.0,94.2,-2.15,False,-21.499999999999996,True
SYN-LAB-17,TVOC,120.0,12.0,115.33410027973248,-0.3888249766889598,True,-3.888249766889598,True
SYN-LAB-18,TVOC,120.0,12.0,127.35229365350636,0.6126911377921971,True,6.126911377921971,True
SYN-LAB-19,TVOC,120.0,12.0,127.22832224502878,0.6023601870857315,True,6.023601870857315,True
SYN-LAB-20,TVOC,120.0,12.0,142.2,1.849999999999999,True,18.499999999999993,True
SYN-LAB-01,Toluene,48.0,6.0,41.63208529318342,-1.061319117802763,True,-13.266488972534537,True
SYN-LAB-02,Toluene,48.0,6.0,51.13814153400221,0.5230235890003682,True,6.537794862504602,True
SYN-LAB-03,Toluene,48.0,6.0,34.5,-2.25,False,-28.125,True
SYN-LAB-04,Toluene,48.0,6.0,49.37545984038268,0.229243306730447,True,2.8655413341305875,True
SYN-LAB-05,Toluene,48.0,6.0,47.5919221109434,-0.06801298150943325,True,-0.8501622688679156,True
SYN-LAB-06,Toluene,48.0,6.0,57.11004322729707,1.518340537882845,True,18.979256723535563,True
SYN-LAB-07,Toluene,48.0,6.0,44.49230197391914,-0.5846163376801433,True,-7.307704221001791,True
SYN-LAB-08,Toluene,48.0,6.0,47.57345663525511,-0.07109056079081455,True,-0.8886320098851819,True
SYN-LAB-09,Toluene,48.0,6.0,49.8539716225254,0.30899527042089997,True,3.8624408802612495,True
SYN-LAB-10,Toluene,48.0,6.0,44.92916282456517,-0.5118061959058053,True,-6.397577448822567,True
SYN-LAB-11,Toluene,48.0,6.0,48.37143704875293,0.061906174792155134,True,0.7738271849019391,True
SYN-LAB-12,Toluene,48.0,6.0,39.673339104868475,-1.3877768158552541,True,-17.347210198190677,True
SYN-LAB-13,Toluene,48.0,6.0,51.214871246095015,0.5358118743491692,True,6.697648429364615,True
SYN-LAB-14,Toluene,48.0,6.0,48.66022395207685,0.1100373253461413,True,1.3754665668267663,True
SYN-LAB-15,Toluene,48.0,6.0,40.195176515005656,-1.300803914165724,True,-16.260048927071548,True
SYN-LAB-16,Toluene,48.0,6.0,61.8,2.2999999999999994,False,28.749999999999993,True
SYN-LAB-17,Toluene,48.0,6.0,51.40849866736291,0.5680831112271522,True,7.101038890339402,True
SYN-LAB-18,Toluene,48.0,6.0,45.49868740552328,-0.4168854324127871,True,-5.2110679051598385,True
SYN-LAB-19,Toluene,48.0,6.0,45.79125150847003,-0.36812474858832783,True,-4.601559357354098,True
SYN-LAB-20,Toluene,48.0,6.0,51.483231503104776,0.5805385838507959,True,7.256732298134949,True
