run_id,chamber,sampling_volume,analyte,replicate,measured_value
RUN-001,CH-1,10,TVOC,1,115.24454433106185
RUN-002,CH-1,10,TVOC,2,113.79876775068745
RUN-003,CH-1,10,TVOC,3,124.78087700654116
RUN-004,CH-1,10,TVOC,4,113.35277496481798
RUN-005,CH-1,10,TVOC,5,114.31485842669512
RUN-006,CH-1,10,Toluene,1,51.66749953045272
RUN-007,CH-1,10,Toluene,2,42.35455259717152
RUN-008,CH-1,10,Toluene,3,38.87896495606849
RUN-009,CH-1,10,Toluene,4,48.26767613607735
RUN-010,CH-1,10,Toluene,5,45.51802278061568
RUN-011,CH-1,25,TVOC,1,117.46188518655804
RUN-012,CH-1,25,TVOC,2,116.31601545572313
RUN-013,CH-1,25,TVOC,3,114.3699249951043
RUN-014,CH-1,25,TVOC,4,111.24068878125168
RUN-015,CH-1,25,TVOC,5,121.32708919695555
RUN-016,CH-1,25,Toluene,1,43.76645622002193
RUN-017,CH-1,25,Toluene,2,45.94214791595548
RUN-018,CH-1,25,Toluene,3,46.95496984265686
RUN-019,CH-1,25,Toluene,4,43.94425435417972
RUN-020,CH-1,25,Toluene,5,40.337852552271585
RUN-021,CH-1,50,TVOC,1,112.47970215836833
RUN-022,CH-1,50,TVOC,2,121.4922620543795
RUN-023,CH-1,50,TVOC,3,116.96523843868252
RUN-024,CH-1,50,TVOC,4,114.79754046864934
RUN-025,CH-1,50,TVOC,5,117.77993544936787
RUN-026,CH-1,50,Toluene,1,43.37390141030119
RUN-027,CH-1,50,Toluene,2,44.67501788624728
RUN-028,CH-1,50,Toluene,3,45.192505498764326
RUN-029,CH-1,50,Toluene,4,44.73604388187373
RUN-030,CH-1,50,Toluene,5,44.781069046985564
RUN-031,CH-1,100,TVOC,1,118.45388891222485
RUN-032,CH-1,100,TVOC,2,118.52547067689561
RUN-033,CH-1,100,TVOC,3,119.22924765588466
RUN-034,CH-1,100,TVOC,4,115.6271096029727
RUN-035,CH-1,100,TVOC,5,115.81067905309025
RUN-036,CH-1,100,Toluene,1,45.514076273199954
RUN-037,CH-1,100,Toluene,2,46.02042616292814
RUN-038,CH-1,100,Toluene,3,46.43559094869925
RUN-039,CH-1,100,Toluene,4,45.26145111265794
RUN-040,CH-1,100,Toluene,5,46.14476023399721
RUN-041,CH-1,200,TVOC,1,116.56122231556422
RUN-042,CH-1,200,TVOC,2,116.10762869554054
RUN-043,CH-1,200,TVOC,3,116.15998884754964
RUN-044,CH-1,200,TVOC,4,116.60928430195702
RUN-045,CH-1,200,TVOC,5,116.35060376435243
RUN-046,CH-1,200,Toluene,1,45.05857395228241
RUN-047,CH-1,200,Toluene,2,45.328615657932225
RUN-048,CH-1,200,Toluene,3,46.00814119510547
RUN-049,CH-1,200,Toluene,4,46.52510571762803
RUN-050,CH-1,200,Toluene,5,45.138964387688006
RUN-051,CH-2,10,TVOC,1,125.47261013203496
RUN-052,CH-2,10,TVOC,2,112.40417151885987
RUN-053,CH-2,10,TVOC,3,118.51701082793943
RUN-054,CH-2,10,TVOC,4,121.44616054145644
RUN-055,CH-2,10,TVOC,5,112.08270876438714
RUN-056,CH-2,10,Toluene,1,49.19175360627446
RUN-057,CH-2,10,Toluene,2,52.81602450077215
RUN-058,CH-2,10,Toluene,3,55.065902707765154
RUN-059,CH-2,10,Toluene,4,43.58697902742318
RUN-060,CH-2,10,Toluene,5,47.907604004064446
RUN-061,CH-2,25,TVOC,1,121.22596359655927
RUN-062,CH-2,25,TVOC,2,124.78360564684053
RUN-063,CH-2,25,TVOC,3,113.96659229563635
RUN-064,CH-2,25,TVOC,4,120.24838563730916
RUN-065,CH-2,25,TVOC,5,115.47880292778554
RUN-066,CH-2,25,Toluene,1,44.82428206802331
RUN-067,CH-2,25,Toluene,2,46.880040746713426
RUN-068,CH-2,25,Toluene,3,48.361307950170804
RUN-069,CH-2,25,Toluene,4,56.36750607475073
RUN-070,CH-2,25,Toluene,5,46.59809512765279
RUN-071,CH-2,50,TVOC,1,122.0517975904503
RUN-072,CH-2,50,TVOC,2,117.41930569342905
RUN-073,CH-2,50,TVOC,3,118.17347927466456
RUN-074,CH-2,50,TVOC,4,120.80461884094453
RUN-075,CH-2,50,TVOC,5,117.81877757435267
RUN-076,CH-2,50,Toluene,1,49.51841195601482
RUN-077,CH-2,50,Toluene,2,45.758082220653904
RUN-078,CH-2,50,Toluene,3,49.426354848097
RUN-079,CH-2,50,Toluene,4,47.39943904137199
RUN-080,CH-2,50,Toluene,5,49.101718269941614
RUN-081,CH-2,100,TVOC,1,122.11812981623721
RUN-082,CH-2,100,TVOC,2,116.74210778201251
RUN-083,CH-2,100,TVOC,3,120.81312844040875
RUN-084,CH-2,100,TVOC,4,119.44560806145759
RUN-085,CH-2,100,TVOC,5,120.13774838425321
RUN-086,CH-2,100,Toluene,1,46.59116685510598
RUN-087,CH-2,100,Toluene,2,48.64353589970885
RUN-088,CH-2,100,Toluene,3,46.52729328063026
RUN-089,CH-2,100,Toluene,4,49.10823818875089
RUN-090,CH-2,100,Toluene,5,48.89499213856072
RUN-091,CH-2,200,TVOC,1,118.75470258241538
RUN-092,CH-2,200,TVOC,2,119.72802501345798
RUN-093,CH-2,200,TVOC,3,120.7374895965583
RUN-094,CH-2,200,TVOC,4,119.0431445448722
RUN-095,CH-2,200,TVOC,5,118.93768758713217
RUN-096,CH-2,200,Toluene,1,47.780540136537525
RUN-097,CH-2,200,Toluene,2,49.219427547787724
RUN-098,CH-2,200,Toluene,3,49.81741359714503
RUN-099,CH-2,200,Toluene,4,44.281267651398785
RUN-100,CH-2,200,Toluene,5,47.80908131850281
RUN-101,CH-3,10,TVOC,1,114.70729995184325
RUN-102,CH-3,10,TVOC,2,106.28294520550739
RUN-103,CH-3,10,TVOC,3,119.24070560032207
RUN-104,CH-3,10,TVOC,4,119.51094990563037
RUN-105,CH-3,10,TVOC,5,118.7320230954467
RUN-106,CH-3,10,Toluene,1,47.083555903332105
RUN-107,CH-3,10,Toluene,2,46.350089832333076
RUN-108,CH-3,10,Toluene,3,46.313527077066134
RUN-109,CH-3,10,Toluene,4,52.00195247600518
RUN-110,CH-3,10,Toluene,5,50.934539228897314
RUN-111,CH-3,25,TVOC,1,120.5698614084171
RUN-112,CH-3,25,TVOC,2,117.36549430159388
RUN-113,CH-3,25,TVOC,3,119.47783394912551
RUN-114,CH-3,25,TVOC,4,119.52017733357445
RUN-115,CH-3,25,TVOC,5,119.78700427715033
RUN-116,CH-3,25,Toluene,1,46.486657195246885
RUN-117,CH-3,25,Toluene,2,48.911349935774744
RUN-118,CH-3,25,Toluene,3,42.13030356607053
RUN-119,CH-3,25,Toluene,4,42.596401862852964
RUN-120,CH-3,25,Toluene,5,53.337219309495836
RUN-121,CH-3,50,TVOC,1,117.38657624820166
RUN-122,CH-3,50,TVOC,2,115.43475305656524
RUN-123,CH-3,50,TVOC,3,122.15296048547856
RUN-124,CH-3,50,TVOC,4,116.59182734567571
RUN-125,CH-3,50,TVOC,5,117.6853204318719
RUN-126,CH-3,50,Toluene,1,47.78140337547816
RUN-127,CH-3,50,Toluene,2,52.14630952627855
RUN-128,CH-3,50,Toluene,3,49.993028873840444
RUN-129,CH-3,50,Toluene,4,44.3348276253066
RUN-130,CH-3,50,Toluene,5,41.66414115352995
RUN-131,CH-3,100,TVOC,1,120.80597287249493
RUN-132,CH-3,100,TVOC,2,122.56709798647209
RUN-133,CH-3,100,TVOC,3,119.6289473338605
RUN-134,CH-3,100,TVOC,4,117.94288640723376
RUN-135,CH-3,100,TVOC,5,118.87006416622098
RUN-136,CH-3,100,Toluene,1,50.6778863450569
RUN-137,CH-3,100,Toluene,2,45.77074466226491
RUN-138,CH-3,100,Toluene,3,44.63498371400775
RUN-139,CH-3,100,Toluene,4,47.41469425969633
RUN-140,CH-3,100,Toluene,5,47.204112730550115
RUN-141,CH-3,200,TVOC,1,119.50254240673345
RUN-142,CH-3,200,TVOC,2,119.96344537742864
RUN-143,CH-3,200,TVOC,3,122.05219115662196
RUN-144,CH-3,200,TVOC,4,119.71050980207578
RUN-145,CH-3,200,TVOC,5,121.73593200515673
RUN-146,CH-3,200,Toluene,1,48.77268368883325
RUN-147,CH-3,200,Toluene,2,47.608746414713366
RUN-148,CH-3,200,Toluene,3,46.84246942841363
RUN-149,CH-3,200,Toluene,4,46.472673510118554
RUN-150,CH-3,200,Toluene,5,48.71068421188542
RUN-151,CH-4,10,TVOC,1,123.01874205712815
RUN-152,CH-4,10,TVOC,2,132.90025354438245
RUN-153,CH-4,10,TVOC,3,122.00171474400466
RUN-154,CH-4,10,TVOC,4,114.4476497170398
RUN-155,CH-4,10,TVOC,5,118.22134077227687
RUN-156,CH-4,10,Toluene,1,41.579573621444375
RUN-157,CH-4,10,Toluene,2,50.70035325291243
RUN-158,CH-4,10,Toluene,3,49.73389718990556
RUN-159,CH-4,10,Toluene,4,52.72143002976799
RUN-160,CH-4,10,Toluene,5,52.02713450897601
RUN-161,CH-4,25,TVOC,1,127.90676436258072
RUN-162,CH-4,25,TVOC,2,121.45880813313617
RUN-163,CH-4,25,TVOC,3,127.09687182344545
RUN-164,CH-4,25,TVOC,4,121.78820202550483
RUN-165,CH-4,25,TVOC,5,122.596380012675
RUN-166,CH-4,25,Toluene,1,50.45307958048209
RUN-167,CH-4,25,Toluene,2,52.24008967184546
RUN-168,CH-4,25,Toluene,3,50.56548206226821
RUN-169,CH-4,25,Toluene,4,48.44025093980896
RUN-170,CH-4,25,Toluene,5,46.03548315061382
RUN-171,CH-4,50,TVOC,1,121.96864967510317
RUN-172,CH-4,50,TVOC,2,123.70667482025524
RUN-173,CH-4,50,TVOC,3,123.47767418268279
RUN-174,CH-4,50,TVOC,4,121.9840918146199
RUN-175,CH-4,50,TVOC,5,124.06078999133115
RUN-176,CH-4,50,Toluene,1,49.40907837323404
RUN-177,CH-4,50,Toluene,2,50.456669311342694
RUN-178,CH-4,50,Toluene,3,50.696975374008915
RUN-179,CH-4,50,Toluene,4,46.23877795173138
RUN-180,CH-4,50,Toluene,5,50.28816681138142
RUN-181,CH-4,100,TVOC,1,120.62047999944994
RUN-182,CH-4,100,TVOC,2,119.95945829431925
RUN-183,CH-4,100,TVOC,3,121.69938445615998
RUN-184,CH-4,100,TVOC,4,120.10839784964817
RUN-185,CH-4,100,TVOC,5,120.47300011039506
RUN-186,CH-4,100,Toluene,1,48.487318158156526
RUN-187,CH-4,100,Toluene,2,50.26412415462708
RUN-188,CH-4,100,Toluene,3,50.386208707788185
RUN-189,CH-4,100,Toluene,4,49.242239311740356
RUN-190,CH-4,100,Toluene,5,51.976922640433926
RUN-191,CH-4,200,TVOC,1,121.46338810765805
RUN-192,CH-4,200,TVOC,2,121.57646236419816
RUN-193,CH-4,200,TVOC,3,120.20251834911464
RUN-194,CH-4,200,TVOC,4,119.55933256370709
RUN-195,CH-4,200,TVOC,5,121.88518161379604
RUN-196,CH-4,200,Toluene,1,49.36321457365138
RUN-197,CH-4,200,Toluene,2,48.54194172005372
RUN-198,CH-4,200,Toluene,3,49.1127465683
RUN-199,CH-4,200,Toluene,4,49.43318971825531
RUN-200,CH-4,200,Toluene,5,49.24134592995846
RUN-201,CH-5,10,TVOC,1,125.80437216446383
RUN-202,CH-5,10,TVOC,2,118.56490111706353
RUN-203,CH-5,10,TVOC,3,123.34196053891115
RUN-204,CH-5,10,TVOC,4,124.77865902062011
RUN-205,CH-5,10,TVOC,5,122.8278281853617
RUN-206,CH-5,10,Toluene,1,44.702326172099525
RUN-207,CH-5,10,Toluene,2,51.30751942927933
RUN-208,CH-5,10,Toluene,3,58.964290513013545
RUN-209,CH-5,10,Toluene,4,52.60306375193957
RUN-210,CH-5,10,Toluene,5,50.92668920547466
RUN-211,CH-5,25,TVOC,1,127.82604515631567
RUN-212,CH-5,25,TVOC,2,121.04973865521282
RUN-213,CH-5,25,TVOC,3,117.3667020387893
RUN-214,CH-5,25,TVOC,4,121.96389643868385
RUN-215,CH-5,25,TVOC,5,119.27923632002889
RUN-216,CH-5,25,Toluene,1,50.84094208364639
RUN-217,CH-5,25,Toluene,2,48.138705133801324
RUN-218,CH-5,25,Toluene,3,47.6513814273676
RUN-219,CH-5,25,Toluene,4,55.2118310885385
RUN-220,CH-5,25,Toluene,5,53.677000686021906
RUN-221,CH-5,50,TVOC,1,124.05672120407122
RUN-222,CH-5,50,TVOC,2,122.66181146806846
RUN-223,CH-5,50,TVOC,3,121.7726536876308
RUN-224,CH-5,50,TVOC,4,123.75546791485183
RUN-225,CH-5,50,TVOC,5,121.11855732491935
RUN-226,CH-5,50,Toluene,1,50.64157084550598
RUN-227,CH-5,50,Toluene,2,53.250352467736214
RUN-228,CH-5,50,Toluene,3,49.78363458389158
RUN-229,CH-5,50,Toluene,4,50.74982881432672
RUN-230,CH-5,50,Toluene,5,50.770232513041584
RUN-231,CH-5,100,TVOC,1,120.21653490684746
RUN-232,CH-5,100,TVOC,2,124.1680689717635
RUN-233,CH-5,100,TVOC,3,122.8558938152704
RUN-234,CH-5,100,TVOC,4,122.12354245761374
RUN-235,CH-5,100,TVOC,5,125.9835902648956
RUN-236,CH-5,100,Toluene,1,52.29770352138517
RUN-237,CH-5,100,Toluene,2,51.09729278773117
RUN-238,CH-5,100,Toluene,3,48.85382115516134
RUN-239,CH-5,100,Toluene,4,51.001583649373984
RUN-240,CH-5,100,Toluene,5,48.02134903779854
RUN-241,CH-5,200,TVOC,1,123.86245867712795
RUN-242,CH-5,200,TVOC,2,120.38796460101761
RUN-243,CH-5,200,TVOC,3,123.55145753896906
RUN-244,CH-5,200,TVOC,4,121.638917785588
RUN-245,CH-5,200,TVOC,5,119.91526889821328
RUN-246,CH-5,200,Toluene,1,49.725528929608714
RUN-247,CH-5,200,Toluene,2,48.98423305263954
RUN-248,CH-5,200,Toluene,3,49.2588590995329
RUN-249,CH-5,200,Toluene,4,49.17251196414626
RUN-250,CH-5,200,Toluene,5,49.27190271958763
